Content,Video title,Video publish time,Duration,Views,Watch time (hours),Subscribers,Impressions,Impressions click-through rate (%)
Total,,,,8290,251.3464,-70,51357,6.98
zED8kkYKZj4,Claudia Valentina - Candy (Lyrics),"May 27, 2025",119,2096,48.878,0,17021,7.78
yuHHPudTyRk,Tom Gregory - Rather Be You (Lyrics),"Oct 20, 2020",177,1531,59.0217,1,7763,9.34
RGNwa9TkcFU,Mike Perry - By Your Side (Lyrics),"Sep 24, 2020",156,508,16.9571,0,3697,6.25
 -yquaLFqjE4,Deacon - Long Run (Lyrics) feat. Nina Nesbitt,"Jul 10, 2020",185,276,11.3942,0,2222,5.99
hxUKTYKvSLI,Noah Kahan - Northern Attitude,"Sep 20, 2022",261,222,10.4583,0,1373,6.12
E8V9VGLqnfA,Eric Nyxx - Peligrosa,"Jul 9, 2025",198,196,7.9169,0,420,7.86
gDcpuYxLxyY,Alex Aster - Divine (Lyrics),"Apr 20, 2020",176,124,3.556,0,456,9.65
rBs6FIkfmrI,Altero - One Day (Lyrics) ft. NVRT,"Jun 20, 2020",186,119,4.0737,0,858,4.31
TjaqW5HpVRk,"KLANGKARUSSELL X GIVVEN - Sun Went Down , Sky Went Dark","Aug 14, 2025",254,111,5.3794,0,386,11.92
53bjuc_rc7E,Thierry von der Warth & Joki - Mina Kupenda,"Jun 7, 2025",124,102,2.7383,0,764,6.41
g2AEaKHnSNE,Claudia Valentina - 4:15 (Lyrics),"Oct 30, 2020",201,100,2.9002,0,932,5.79
 -dr0zfXvHp4,A7S x David Guetta x Wizkid - Lighter (Lyrics),"Jun 27, 2025",190,82,2.4964,0,507,5.52
tC0s3YoE1Rc,Skippy - Suicide Letter (Lyrics),"Aug 21, 2020",210,78,2.4399,0,479,6.47
KLRm8C8skoE,Gabrielle Aplin - When The Lights Go Out (Lyrics),"Jan 4, 2021",188,77,0.8625,0,161,6.83
QHn4bjq5dvo,Sad Puppy - Thinking of You (Official Lyrics),"Sep 10, 2020",157,66,1.5384,0,572,6.99
06hOWngKWR4,Lisa Heller - Wings (Lyrics),"Jul 19, 2020",241,65,2.9506,1,333,6.91
b0LAXmACn34,Georgia Webster - Push and Pull (Lyrics),"Mar 26, 2021",188,65,1.0794,0,528,8.9
x6ZmpgZ5m_A,"Harris Jayaraj, Rohini, Pritt & dilushselva - Unakkul Naane","Jul 10, 2025",129,54,1.1642,1,257,6.61
8qAfXHHq-XI,Salem - Fall Out Of Love feat. Carlie Hanson,"Jan 28, 2022",201,45,1.608,1,539,4.82
hb_uu29mvGE,"Stadiumx, Petey Martin & Sam Martin - September","Sep 23, 2022",169,42,0.715,0,68,7.35
ODIYZbkQBxA,Mauve - Feels so Good (Lyrics),"May 24, 2025",164,37,1.0442,0,145,5.52
ABJlzfvXX74,Luna Bala (Afro House),"Jul 12, 2025",230,37,1.5637,0,123,10.57
gokyGelbQtc,TMPST x Maynørr x Courtney Storm - 8 Hours (Lyrics),"Apr 30, 2025",172,34,1.3024,0,184,9.78
e7bxq9Qldqs,Mike Perry - Looking At U,"Nov 26, 2021",168,31,1.1934,0,127,5.51
lr3qHxlyOFM,Lucas Estrada X Modi X Thierry Von Der Warth - Sweet Sunrise,"Aug 10, 2025",198,31,1.5139,0,421,0.24
s6s4_lMEaP8,Petey Martin & Lauren Daigle - Come Back Home (Lyrics),"Jan 9, 2021",181,29,0.8715,1,173,9.83
uXPgksR54rQ,Jonathan & Friends - Start Up feat. Loote & emma løv,"Jan 14, 2022",179,26,0.6978,0,217,3.23
ksz4_kkyLaI,AFRO VIBES MIX 2025 | The Best of AFRO HOUSE MUSIC,"May 14, 2025",1307,25,1.2119,0,10,0
lENNv2XWikQ,Ella Mai – Not Another Love Song (Lyrics),"Oct 6, 2020",219,25,1.2724,0,255,8.24
Em_4oeIJkwU,James Blake - Godspeed (Lyrics),"Sep 29, 2020",174,24,0.5078,0,274,4.38
PlapvqnVe6Y,Stryv X Malachiii X Adam Port - Positions,"Jun 28, 2025",149,23,0.5695,0,229,2.18
yHFljKR9xrg,Noah Kahan - Pride (Lyrics) feat. mxmtoon,"Oct 23, 2020",170,22,0.7036,0,198,5.56
qNFXXx36WIw,Natalie Taylor - For a Reason (Lyrics),"Jan 27, 2021",190,22,0.2632,0,11,9.09
q0LgnUlgR-o,"Dynoro, HVME & Gaudini - Why Why Why","Apr 22, 2022",176,22,0.4832,0,189,1.06
erzd0lnOckE,Vall - Next To You (Lyrics) feat. Koa,"Jan 14, 2021",188,22,0,0,48,0
cCdJoJGV55I,Adam Port & Stryv - Move feat. Malachiii (Lyrics),"May 29, 2025",178,22,0.3424,1,19,5.26
loT8EGuwYB8,Lucas Estrada X Naarly X FIRSTCLASS - Heat (Lyrics),"Jun 24, 2025",143,21,0.5092,0,191,4.71
pnw8PkLRoco,Jahmiel Jamaica -Way O Way O (ICC Cricket World Cup 2019),"Jun 14, 2019",177,20,0.0703,0,63,23.81
rsNdkdTzEq0,Emilee - Hide // Lyrics [FV Release],"Aug 11, 2020",112,20,0.4776,0,92,6.52
lAE7MIxuqkU,Georgia Webster - Tell Your Mom (Lyrics),"Nov 16, 2020",184,18,0.468,0,111,7.21
ly97ds8j1wI,Georgia Webster - X's (Lyrics),"Sep 23, 2022",156,18,0.653,0,160,8.13
MOsaH_vVuxo,Solven - It's Over,"Jun 6, 2025",201,18,0.164,0,66,24.24
qcnKfGxMnj8,Chloe Adams - Jail Time (Lyrics),"Oct 11, 2020",162,18,0.5615,0,236,4.66
PTfggx24x6U,Adam Yaron - Warmer (Stripped) [Lyrics / Lyrics Video],"Jul 16, 2020",204,17,0.8834,0,96,12.5
SyHRSEy2VNQ,Claudia Valentina - Seven (Lyrics) [Re - Upload],"Aug 18, 2025",225,16,0.1479,0,38,5.26
PfjiN3kmwnY,Nico de Andrea & Auguste - What You Thinking Of feat. Mougleta,"Aug 13, 2025",223,16,0.6481,0,47,6.38
4Mbu1IlSg5I,Niki Demar - Alone In My Car (Lyrics),"Sep 28, 2020",203,15,0.7436,0,61,13.11
YKbRQvATb8U,Eloi El - Stick together,"Oct 18, 2022",184,15,0.4015,0,48,16.67
il1wGfTnHnw,PhatAdam X Gl:ow X palffi – Closer To The Sun,"Jun 22, 2025",138,15,0.1455,0,32,0
 -nIH47Yp3Yw,Neptune & Yaeow - The Way I Love You (Lyrics),"Jul 30, 2020",162,15,0.3659,0,42,26.19
L74EeAKdHh8,Arijit Singh X Pritam X Sandeep Shrivastava X  Qaisar Ul Jafri - Mausam (Lyrics),"Jun 27, 2025",255,14,0.1587,0,53,0
C5TMUqzsZzg,Robin Schulz & Felix Jaehn - One More Time feat. Alida (Lyrics),"Feb 27, 2021",200,14,0.6281,0,46,0
K645TcojdEM,With U & Merlin - How Deep Is Your Love (Lyrics),"Jun 13, 2025",202,13,0.2467,0,70,10
zMts_iZz1u0,Vin Diesel - Feel Like I Do (Lyrics),"Sep 27, 2020",192,12,0.2748,0,33,9.09
1PaKgjzbbNY,Cadmium - High On You feat. Robbie Rosen,"Dec 17, 2021",181,12,0.3887,0,50,2
6-AHAVCaRwM,PLV Music - Summer Nights (Lyrics),"Jun 24, 2021",189,12,0.031,0,51,21.57
 -RQpU3niiFk,Claudia Valentina - I luv that babe,"Jul 18, 2025",198,12,0.1274,0,111,6.31
AT20k1DEPRc,SRTW & COLIN - Shine On,"Sep 8, 2023",112,11,0.2525,0,24,8.33
GnADkBzTjYQ,Cadmium - Comfortable (Lyrics) feat. Alex Hackett,"Jul 23, 2020",182,10,0.3544,0,37,2.7
cbpamL6CmLA,Acejax - By My Side (Lyrics) Feat. Danilyon,"Aug 9, 2020",179,10,0.229,0,116,3.45
sq6pkhvnyrU,Niki Demar - Bite of Me (Lyrics),"Oct 23, 2020",179,10,0.424,0,163,7.36
X8RbA_cnQp0,OLI - Cry,"Dec 23, 2021",188,10,0.1802,0,157,3.18
pbw3SnkZu_g,Sam Feldt & The Him - Use Your Love (Lyrics) feat. Goldford,"Oct 10, 2020",180,9,0.1965,0,87,1.15
i_RMP6eGE-Y,RobbieG & JYYE - Somebody Called Love feat. Julia Temos,"Nov 30, 2021",143,9,0.0192,0,38,2.63
Ha_xAZ80mC8,Y.V.E. 48 - Days Go By (Lyrics),"Aug 17, 2020",160,9,0.1064,0,24,12.5
uRcm0NOaZWU,Kayou. - Mercury Retrograde,"Jan 1, 2022",197,9,0.7935,0,90,1.11
ugmVNHNW_GM,Becoming Young - Reckless (Lyrics),"Aug 3, 2020",181,9,0.3782,0,24,16.67
lwMdl5C9UL0,KSHMR - I Will Be A Lion (Lyrics) feat. Jake Reese,"Mar 19, 2021",224,8,0.1706,0,72,4.17
4KU_zbnE-RY,LANY - Heart won't let me (Lyrics),"Oct 2, 2020",200,8,0.3352,0,23,8.7
2TjQhrnDY7E,Kevin Chambers - The Way Home (Lyrics / Lyrics Video),"Jul 16, 2020",282,8,0.0672,0,13,0
mqRrXU3Q0FM,Labrinth - No Ordinary (Lyrics),"Oct 9, 2020",188,8,0.1807,0,73,8.22
MwF-q6EUyKM,Cabuizee & Britt Lari - Closer,"Sep 16, 2020",213,8,0.2894,0,177,1.13
aO-UZk4FH9k,Olivia Holt - Talk me out of it (lyrics),"Dec 22, 2020",173,8,0.4058,0,64,1.56
6nhNzEG_qdk,Scorz & Mokita - Scared Of Us,"Jan 14, 2022",212,7,0.5617,0,13,0
i18pWZ3P9Kk,TELYKast & Loren Gray - Nobody To Love (Lyrics),"Mar 14, 2021",147,7,0.1353,0,81,3.7
6PePvi0FCFQ,Halsey - I'm Not Mad (Lyrics),"Oct 2, 2020",175,7,0.046,0,22,4.55
DzH199CWBN8,Justin Mylo - I Remember (Lyrics) feat. STRNGRS,"Apr 10, 2021",210,7,0.2607,0,54,7.41
E5q5oaLtjB8,Alexa Mansour - Can't Stop Myself (Official Music Video),"Oct 18, 2020",183,7,0.0873,0,20,5
GTDgLGHRMDA,Emma Oliver & Loyalties - Sad Sometimes (Lyrics),"Jul 26, 2020",242,7,0.1157,0,53,3.77
 -EWxKM8c-rk,Loud Luxury - R U DOWN?,"Jun 28, 2025",141,7,0.2246,0,119,4.2
EQVWQClTKTQ,R3HAB - Ten Out Of Ten feat. ROU,"Jul 10, 2025",166,7,0.1532,0,72,6.94
CUkwI1nUIjU,Annika Wells - Crying Over You,"Jun 30, 2023",164,7,0.1669,0,45,8.89
qPdFOe-fbcA,Cheat Codes X Enisa X Edward Maya - Be Your Friend,"Jun 29, 2025",161,7,0.221,0,114,5.26
ilKm0hHD_wY,TWO OF YOU – Do It Again,"Aug 11, 2025",163,7,0.0901,0,33,18.18
tGriGOgs5dE,Merzzy X DJ Rony - Walhala,"Aug 10, 2025",292,6,0.0699,0,78,5.13
FHeSoGjJrOI,Alesso & Armin Van Buuren - Leave a Little Love (Lyrics),"Feb 27, 2021",188,6,0.2356,0,63,1.59
I5mouuGyQ7M,Hilliard & Romy Dya - Let’s Play (Lyrics),"Jul 20, 2020",166,6,0.0206,0,10,10
GMVBvx3m30I,Alessia Cara - Feel You Now,"Nov 13, 2021",188,6,0.4449,0,12,16.67
tAYxVPWDomA,Alex Angelo - Falling Up (Lyrics),"Jun 19, 2020",167,6,0.0351,0,78,3.85
sJrlsFlTkkI,Mauve - Nightsky (Lyrics),"Jun 27, 2020",182,6,0.0772,0,134,2.24
SN1EfkVrxcE,Colin & Caroline - Miles Away,"Jan 14, 2022",236,6,0.1166,0,2,0
xc4Gs_OQulg,Kristin Dope - Wanna Leave (Lyrics),"May 28, 2022",219,6,0.0395,0,1,0
wrDn1f5tYBo,LØLØ x Maggie Lindemann - debbie downer,"Feb 11, 2022",160,6,0.0577,0,17,0
GWtVX1oFV0Q,Mauve - 1984 (Lyrics),"May 23, 2020",161,6,0.0151,0,27,11.11
_AwlODATFkc,"LANY - the older you get, the less you cry","Nov 5, 2021",203,6,0.3895,0,66,9.09
3Ei1hAbL-zQ,CATBEAR - Who Cares? (Lyrics),"Jun 17, 2025",145,6,0.2495,0,22,18.18
FO_7x1bEfgQ,Deep Chills - Flaws,"Apr 20, 2022",171,6,0.1292,0,74,0
 -EdMbLSiasE,"Ella Vos - Dreaming, backwards (Lyrics)","Aug 4, 2020",214,5,0.2553,0,72,0
UBW9-JDCSlo,The AfroVision - Fade Away,"May 31, 2025",280,5,0.1084,0,28,3.57
l4ohrojYJ5A,Kailash Kher & Kunaal Vermaa - Shakti Dena,"Jun 27, 2025",243,5,0.0781,0,12,8.33
tdpg_3gZuuw,James Carter - Tell Me feat. Hanne Mjøen,"Feb 11, 2022",128,5,0.0584,0,10,10
apf8klOHMx4,Elise Azkoul - Like Nobody (Lyrics),"Nov 9, 2020",173,5,0.0585,0,10,20
3YbzE8lunFs,Mike Perry & Hot Shade - I Like it,"Feb 25, 2022",157,5,0.1898,0,25,8
Xn7dsRgjyWE,Slowbrew - Your Mind (Lyrics) ft. madugo,"Jun 25, 2020",154,5,0.0426,0,23,0
N2phTQzuc3c,Seeb & Nina Nesbitt - Sweet Dreams And Dynamite,"Nov 19, 2021",159,5,0.1794,0,31,3.23
wLvYJ0vxiyo,Abigail Barlow & Ariza  - Stayed Strangers,"Feb 19, 2022",206,5,0.1462,0,26,11.54
cOwsP08E9wk,artcriminal - SAPNE,"Aug 3, 2025",176,5,0.083,0,55,5.45
HwHfySWtMm8,Hogland - Used To feat. EEVA,"Mar 11, 2022",153,5,0.1273,0,25,20
KSUt2ZMDxKs,Olivia Lunny - Think of me (Lyrics),"Dec 9, 2020",167,5,0.0729,0,64,4.69
UXKN8Ju1IjM,Kastra - Without You feat. Linney,"Nov 20, 2021",190,5,0.1089,0,55,7.27
anpXbAtDyKY,Carlie Hanson - EGO (Lyrics) feat. Iann Dior,"Sep 25, 2020",159,5,0.0233,0,22,22.73
PMWxXlxg-8M,Alexa Cappelli - Whiplash,"Jan 13, 2022",189,5,0.1551,0,31,12.9
QUzaw9VEo_U,Yaeow - When I'm No Longer Here (Lyrics),"Jul 3, 2020",169,4,0.0535,0,10,10
YxwBQLkiUnU,"Alesso, CORSAK & Stray Kids - Going Dumb (Lyrics)","Mar 19, 2021",169,4,0.0322,0,34,5.88
RI-m4lAcjUs,Vishal Mishra X Hansika Pareek X Raj Shekhar - Tum Ho Toh,"Jun 21, 2025",198,4,0.1001,0,2,0
#NAME?,No Treasure - Neverland (Lyrics) feat. Marmy,"May 23, 2020",161,4,0.0341,0,23,8.7
MVDxLRk6qKg,Becoming Young - Temptation (Lyrics),"Aug 27, 2020",158,4,0.1316,0,29,0
hG7jdbBuj98,Soundland x PIECES (feat. Sam Heselwood) - Two Hearts Ignite,"Aug 12, 2025",161,4,0.0569,0,22,0
aFVnGKY5T90,andhim x AMEME x Malou - Feel The Love (Lyrics),"May 3, 2025",184,4,0.0912,0,47,2.13
Kd9uZCNT8Oo,Sarah Barrios - Help (Lyrics) feat. Rence,"Oct 16, 2020",189,4,0.0127,0,6,50
MNGpXdDyDvs,Drew Schueler - Head Start (Lyrics),"Jun 11, 2020",218,4,0.0083,0,5,0
mF5LkqNddiw,Mindblow x aMouse x Catching Sunrises x Rob Rivera - Tennis Court,"Aug 17, 2025",178,4,0.1366,0,33,9.09
mkpTXhzR2zM,Deep Chills - Bali Dreams,"Nov 18, 2022",150,4,0.0124,0,39,7.69
JeD5Y1pOozw,Anuj Rehan x Ananya Sharma x Amit Verma - Rangreza,"Jul 19, 2025",156,4,0.0008,0,22,0
jdbBe2lEbJo,Haywood - Cheers to us (Lyrics) feat. Loote,"Mar 27, 2021",185,4,0.0306,0,98,4.08
lpoYZI59G4A,Kate Vogel - New Mexico Sunrise (Lyrics),"Jul 18, 2020",267,4,0.0752,0,15,6.67
BQMEqJPThlM,Munn - Without Ya // (Lyrics),"Aug 8, 2020",162,4,0.1341,0,68,1.47
80LgEiHwHC8,Your Paris - Standing in Your Doorway (Lyrics / Lyrics Video),"Jul 15, 2020",214,4,0.0113,0,12,8.33
mtsOSEz9GHo,Ella Vos - Glitter and Tears,"Oct 25, 2022",200,4,0.0614,0,10,10
csRyeMke0zA,Liam Mogan - Alone in the City (Lyrics),"Sep 30, 2020",183,4,0.0169,0,1,0
Ls0BLGolxco,Martin Jensen - Faith,"Nov 13, 2021",191,4,0.0659,0,20,15
zK6eKGbcoH0,St. Lundi - Fall,"Jun 30, 2023",175,3,0.1022,0,32,9.38
VTuC_MEv7FM,Yultron - Anybody Out There feat. HENRY & Sara Phillips,"Sep 8, 2023",192,3,0.1128,0,4,0
u5hKg3vXVbU,Abigail Barlow & Ariza - Where's That Girl? (Lyrics),"Dec 3, 2020",218,3,0.0077,0,23,8.7
vVg0Fok9lTA,Vin Diesel - Days Are Gone (Lyrics),"Nov 1, 2020",203,3,0.0138,0,38,5.26
i07JK7VnK8w,Johnny Orlando - I Don't feat. DVBBS (Lyrics),"Mar 25, 2021",182,3,0.0669,0,55,5.45
aI4eLE3tlXo,Neptune - Fly Girl (Official Lyrics),"Aug 10, 2020",102,3,0.032,0,2,0
Qlaghha1-kI,Chaz Mazzota - You're the One (Lyrics),"Aug 1, 2020",213,3,0.0727,0,41,2.44
X8kRyF0xNgY,Fritz Kalkbrenner - When I See You,"Jul 23, 2025",198,3,0.1112,0,26,3.85
x_F4_cVb4go,elsaaa - Pull me closer,"Apr 29, 2025",138,3,0.0421,0,13,15.38
ECxS7JUQ48w,Beautiful Beats - i'm so alone,"Feb 16, 2022",159,3,0.0034,0,4,25
HnblOipM8ak,Mike Perry - Believe,"Oct 21, 2023",162,3,0.0905,0,18,11.11
 -yLrijS7jJg,Richie Krisak - Butterfly (Lyrics) ft. Next To Neon,"May 5, 2020",179,3,0.0101,0,52,7.69
FAOOf74ULd4,NLSN - Wake up with you (Lyrics),"May 25, 2025",146,3,0.3042,0,39,7.69
ls65Z5yNSWs,ELLIANA - Thinking,"Sep 15, 2020",162,3,0.0514,0,25,0
5i7uhFg6e3A,Claudia Valentina - If I'm Being Honest (Lyrics),"Oct 30, 2020",183,3,0.0325,0,17,5.88
m25WRMXAeRc,Gabrielle Aplin - Skylight,"Dec 24, 2021",241,3,0.0687,0,51,3.92
m8cRBynWGGc,Tones And I - Dance Monkey (Lyrics),"Jun 13, 2020",237,3,0.1024,0,134,2.24
m4ldonnV8Xw,Chris Linton & Cadmium - Slow Down (Lyrics),"Aug 15, 2020",218,3,0.0061,0,15,6.67
LOO88LDuKQk,Afro vibes!!,"Aug 11, 2025",30,3,0.0011,0,38,0
O6KuprI0Glg,Annika Bennett - Your World (Lyrics),"Nov 29, 2020",207,3,0.0738,0,35,5.71
JlaCJWev6S4,Sam Feldt - Stronger (Lyrics) feat. Kesha [Frank Walker Remix],"Mar 25, 2021",171,3,0.2591,0,23,4.35
D0YzlSHlqH4,Teddy Beats & Britt Lari - All of Me (Lyrics),"Sep 11, 2020",223,3,0.0676,0,6,16.67
zYY-E0SbYYs,Misha Miller - Red Blue,"Dec 1, 2021",155,3,0.0489,0,22,4.55
XMDMDa2c5qY,Aditya Rikhari & Ankita Chhetri - Sahiba,"Jul 10, 2025",184,2,0.0563,0,6,0
 -ytrsqCAXFg,Next Promises X Settow X Aden Lou - Brune,"Aug 11, 2025",191,2,0.0256,0,21,4.76
bXrGrxIvwKI,Becky Hill - Space (Lyrics),"Oct 2, 2020",206,2,0.0042,0,4,0
iS9oN9Sp6cY,KIDDO - Just A Girl,"Jan 14, 2022",232,2,0.0034,0,26,7.69
vORPOZO6XEk,Loote - Pushing Daisies (Lyrics),"Oct 22, 2020",199,2,0.0091,0,38,0
e_p9paism_Y,Antdot & Bantu - Too Late,"Aug 11, 2025",213,2,0.0248,0,28,7.14
YZYwXttXjaM,George Alice - Teenager (Lyrics),"Nov 27, 2020",186,2,0.016,0,15,6.67
D9HGQ8ZoADU,Lauren Weintraub - Like A Boy,"Dec 30, 2021",165,2,0.0028,0,20,10
QtCWuv4n-0M,Crunkz - Need You,"Jun 22, 2025",138,2,0.0404,0,2,0
N-SNwbXb5GI,John Linhart & Bodybangers - Lies,"Dec 22, 2021",161,2,0.0903,0,37,2.7
GrQIN3mbOH4,Astrid S & Dagny - Pretty,"Dec 10, 2021",176,2,0.0571,0,29,6.9
EBvCzCjv3-c,NOTD & Catello - Nobody (Lyrics),"Oct 30, 2020",147,2,0.01,0,41,7.32
lJaZ9dUBjJg,Ocean Ave - Bedtime Stories (Lyrics),"Jun 23, 2020",164,2,0.047,0,3,33.33
1c89XyjcppU,Fly By Midnight - Caffeine (Lyrics) ft. Shoffy,"Sep 25, 2020",188,2,0.0053,0,7,14.29
Ot26aOlYn8g,Olivia Holt - love on you. (Lyrics),"Apr 6, 2021",155,2,0.0038,0,15,6.67
3jfpI0XLb44,BRITT LARI & R3LIC - Our World (Lyrics),"Aug 12, 2020",193,2,0.007,0,7,14.29
 -E-G8P20_98,Marvin Acosta - Finally Free feat. Alley Parton (Lyric Video),"Sep 30, 2022",220,2,0.0076,0,17,5.88
cBi_j-cLzps,Whiite Lotus & Hinsley - Sunshine Sugar (Lyrics Video),"Aug 22, 2022",151,2,0.0048,0,5,0
GyGpAM8wKUo,Alan Walker & VIZE - Space Melody (Lyric Video) ft. Edward Artemyev & Leony,"Dec 11, 2020",182,2,0.0099,0,29,6.9
8IKez2WD4Pk,Brune!!,"Aug 11, 2025",58,2,0.0043,0,25,4
89c_CP94q0Y,Georgia Webster - I Hate Phone Calls (Long Distance Sucks) (Lyrics),"Sep 23, 2022",192,2,0.0022,0,13,15.38
7341RVm29dw,Kiki Rowe - Anchor  (Lyrics),"Sep 6, 2020",166,2,0.0903,0,13,0
L2vZoAb33Ak,Addict. - Hold Me Closer (Lyrics) feat. yaeow,"Jul 4, 2020",183,2,0.0508,0,7,0
3gamiCM4hKc,Doppe & Kokke - Hanging by a Thread feat. Fasone,"Dec 8, 2021",194,2,0.0027,0,16,6.25
Sc7hs5Dr6XE,NLSN - Moving On feat. CLOSR,"Feb 19, 2022",132,2,0.055,0,32,6.25
7af0-JgQxD4,Olivia O'Brien - Sociopath (Lyrics),"Apr 14, 2021",154,2,0.0129,0,46,2.17
_SWHCB-wkdM,Georgia Webster - John Mayer Songs,"Sep 23, 2022",184,2,0.1794,0,6,0
WwdmTdXa9Y8,Mauve - Like a Dream,"Dec 10, 2021",152,2,0.0047,0,59,3.39
Q6AafRGpRo8,Cheat Codes - How Do You Love (with Lee Brice & Lindsay Ell),"Nov 4, 2021",211,2,0.0944,0,7,0
KI021fZXLOQ,Lipless X TMPST X Jordan Grace feat. Maynørr - Incomplete,"Aug 16, 2025",213,2,0.0029,0,51,3.92
Rga1FZ7Tu1s,Emma Horan - Over You (Lyrics),"Aug 19, 2020",191,2,0.0665,0,10,0
f2VnWFJyyLw,Rewind & Sølace - Pieces (Lyrics),"Jul 14, 2020",196,2,0.0587,0,5,20
5TJOozCbCQs,Mike Posner & Jessie J - Weaponry (Lyrics),"Dec 18, 2020",193,2,0.0597,0,3,0
AK8oHnwLgKw,Tones and I - Fly Away (Lyrics),"Nov 13, 2020",180,2,0.037,0,7,0
K8CK0G69Wk4,artcriminal,"Aug 4, 2025",43,2,0.0014,0,63,0
tTApDmsSmso,Robin Schulz - All We Got (Lyrics) feat. KIDDO,"Oct 15, 2020",191,2,0.0273,0,38,2.63
qnNo_rD_yro,Mike Perry & Dimitri Vangelis & Wyman - Lighters,"Jan 28, 2022",210,2,0.0067,0,14,0
fpZKqxfVy-Y,Call Dominika & Maxx Miklos - RELAPSE,"Aug 14, 2025",165,2,0.0119,0,28,3.57
ecBbMURIKMU,Ebmusic & bobbyxyz - Summer Nights feat. Kina,"Jan 23, 2022",149,2,0.0735,0,21,9.52
geyJlAllrFc,Alex Porat - Forgot to Forgive (Lyrics),"Oct 21, 2020",166,2,0.0014,0,18,0
DYHoLLfmUvo,Diviners & Riell - Slow // Lyrics [FV Release],"Aug 7, 2020",196,2,0.0594,0,7,14.29
tINmoG7XOOQ,LOWEN & Palm Trees - Sunlight (Lyrics),"May 25, 2025",157,2,0.0768,0,3,33.33
OeIVeQovj5Q,Topic & Sofiya Nzau - Away (Lyrics),"May 30, 2025",239,2,0.0896,0,19,0
qRpXo4zoNGY,UMBRA - The Passenger (Iggy Pop Cover),"Aug 10, 2025",201,2,0.0569,0,17,0
30ZHf2Man2s,Sam Smith - Diamonds (Lyrics),"Sep 26, 2020",217,2,0.0041,0,8,12.5
qwEQId-ZjIU,TMPST x Maynørr x Bridges - Meant For You,"Jul 7, 2025",198,2,0.11,0,2,0
dQyUeYJ_vG4,Y.V.E. 48 - Holding On (Lyrics),"Jul 22, 2020",164,2,0.0911,,5,0
dKckQe6gPU8,Sinéad Harnett - Take Me Away (Lyrics) feat. EARTHGANG,"Oct 15, 2020",173,2,0.0056,0,12,0
JeySOE2crNE,Emma Rena - Sidebar (Lyrics),"Dec 5, 2020",149,2,0.0077,0,17,0
IAysmdH4x_Y,TMPST X Mati Troglia X Anna Sophia-Henry - All U Want,"Aug 4, 2025",162,2,0.0894,0,18,5.56
4h-WCL6NCK4,PASCAL - Open Your Eyes,"May 31, 2025",215,2,0.027,0,7,14.29
bIKZ11_JORk,Mike Perry - Body On Me feat. NEA EINI,"Apr 19, 2022",180,2,0.0149,0,24,8.33
DuPhnV70y2M,G Eazy - Hate The Way (Lyrics) feat. Blackbear,"Oct 16, 2020",215,2,0.0137,0,18,0
d7b7ccdgKog,Abandoned & InfiNoise - Used To Love feat. Veronica Bravo (Lyrics),"Aug 11, 2019",326,2,0.2618,0,8,12.5
YrO4sB3hWQE,Taylor Edwards - Mean To Me,"Dec 29, 2021",169,2,0.0531,0,26,3.85
FVBgGnWVvIg,Erin Kirby - Half In Love (Lyrics),"Jul 28, 2020",197,2,0.0555,0,12,8.33
rmvcfoOwX10,"New Chillout Music Mix | Fresh Music Mix [We Are Diamond] (LO, Mauve, KYDS, NLSN, Colin, SRTW)","Aug 23, 2020",914,2,0.3899,0,10,10
Y4C_05vIb2E,Deacon - Love For The Summer (Lyrics) feat. Loren Gray,"Oct 30, 2020",190,2,0.0421,0,12,16.67
9p6lJOukNxo,"YUNA, Martin Van Lectro, Monroe & Moralezz - Love Like Fire feat. Jetason","Jan 22, 2022",141,2,0.0353,,18,11.11
jrI11EzpAH0,AP Dhillon X Shreya Ghoshal - Thodi Si Daaru,"Jul 18, 2025",181,2,0.1005,0,12,0
sV4wZqxZ2Dg,Robin Schulz - One With The Wolves,"Aug 27, 2023",181,2,0.0353,0,27,3.7
1nsZEdBoczc,remme & Clara Mae - half a world away,"Feb 6, 2022",210,2,0.0005,0,5,0
T6SigEN3-TI,Arijit Singh & Manan Bhardwaj - Oonchi Oonchi Deewarein,"Sep 25, 2023",252,1,0.0698,0,1,0
eCbsPqEYepM,Rival - Know The Way (Lyrics) feat. Nick Smith,"Sep 22, 2020",193,1,0.0508,,10,10
sxlQNzHbEng,Caslow & Exede - City Lights (Lyrics),"Oct 2, 2020",188,1,0.0083,0,6,0
UMd6_1sEKyA,Your Paris - Rooms (Lyrics),"Nov 7, 2020",190,1,0.0009,0,6,16.67
hbuopok4Loo,Your Paris - The Internet (Lyrics),"Jul 24, 2020",188,1,0.009,0,14,0
pR37scAnEyU,Deacon - Love For The Summer (Music Video) ft. Loren Gray,"Oct 30, 2020",188,1,0.0521,,28,3.57
8J0l5OgMPu0,Little Mix - Sweet Melody (Lyrics),"Oct 23, 2020",219,1,0.0024,0,11,0
NEbQYMESI_g,Disco Fries x Kastra x Britt Lari - Alone At Midnight,"Dec 30, 2022",193,1,0.0536,,10,0
VI2O7FfDomk,kina & Ebmusic - Notice feat. Bow Anderson & Maia Wright,"Feb 11, 2022",147,1,0.0009,0,9,11.11
BctRlEPsQWE,Metrøx - Lost Without You feat. EXON,"Dec 1, 2021",177,1,0.0041,0,10,10
ntXtCufqACg,Lauv & Conan Gray - Fake (Lyric Video),"Oct 13, 2020",163,1,0.0413,0,18,5.56
Z3vmdO8kRMk,Neverlate - Somewhere,"Jan 6, 2022",175,1,0.0096,0,7,14.29
6uBCwH_AYyE,ALESSO - Somebody To Use,"Nov 19, 2021",166,1,0.0048,0,9,11.11
TRfOYNLnWS4,Munn & Hannah Hausman - Midnight Drives (Official Lyrics),"Aug 31, 2020",187,1,0.0067,0,7,0
qBuJyHUITK4,Sarah Barrios - We Don't Have To Die,"Jan 8, 2022",238,1,0.003,0,8,0
YUXBhYoobLg,Josh Wantie & Conor Maynard - Never Let Me Go (Lyrics),"Nov 3, 2020",156,1,0.0433,0,8,0
FnDterGOc5w,Zara Larsson - Need Someone (Lyrics),"Mar 5, 2021",179,1,0.0019,0,11,9.09
gno0JM10lgU,Lyncs - Prom Queen (Lyrics),"May 1, 2021",177,1,0.0059,0,15,6.67
piomUnEF-Ls,Boeuv - Fly Away feat. Tore P.,"Jan 17, 2022",185,1,0.0002,0,27,3.7
7v08jpev0hg,Alex Angelo - Mindset,"Sep 25, 2023",197,1,0.0036,0,9,0
yPk0dbHfwog,NOTD & Boy In Space - Therapy (Lyrics),"Oct 7, 2020",169,1,0.0045,0,3,0
gJm_jHvIo2w,St. Lundi - Learn To Let Go (Lyrics),"Jul 12, 2020",228,1,0.0022,0,12,8.33
3F1mb7s04lM,Astrid S - Obsessed (Lyrics),"Oct 16, 2020",178,1,0,0,16,0
zlMG_cov1rI,BIMINI - Hush (Official Lyrics),"Sep 9, 2020",203,1,0.0563,0,11,0
uKZKF2o-JLM,Don Diablo & JLV - Problems feat. John K (Lyrics),"Mar 6, 2021",182,1,0.0033,0,45,4.44
4JX_oXdx1eY,"LØVE/LOSS, Lund, Eddy Baker & Sarcastic Sounds - Us vs The Wrld","Dec 18, 2021",234,1,0.0096,0,4,25
8Bu35lSwD4A,NVRT - On The Run,"Jun 30, 2023",141,1,0.0022,0,23,8.7
SUU0IZb2SYU,HVME & Velix - Mercy,"Nov 25, 2022",145,1,0.001,0,25,8
T0t2sDybIZg,theajsound & Sophie Gibson - oolala. (Radio Edit),"Nov 25, 2022",162,1,0.0028,0,3,33.33
BPEZkhYiKqQ,Cher Lloyd - One Drink Away (Lyrics),"Oct 4, 2020",149,1,0.004,0,23,4.35
IfQdKCkDi9A,Natalie Carr - Blue Lights (Lyrics),"Dec 1, 2020",184,1,0.0027,0,7,0
BaovemrQKXM,Your Paris - Redbone (Lyrics),"Mar 12, 2021",196,1,0.001,0,3,33.33
aSEccMfu9D8,Gryffin & Two Feet - I Want Love (Lyrics),"Feb 12, 2021",197,1,0.0299,0,9,11.11
ooXVe86oCB4,Alphalove  - Don't Wanna Stop (Lyrics) feat. Conor Maynard,"Jan 2, 2021",158,1,0.015,0,4,0
Vkctb8CKj60,Adam Turley & Obi Ben - Circles,"Dec 24, 2021",156,1,0.0052,0,5,0
a15Kq3iaXY8,Petey Martin - Bringing Me Back feat. Rosie Darling,"Feb 18, 2022",180,1,0,0,0,
F3CuvM4uQKA,NACHT & Kezano - There For You (Lyrics),"May 1, 2025",153,1,0.0005,0,3,0
V6vW4-2J7wc,XYLØ - Sugar Free Rush,"May 6, 2022",253,1,0.0088,0,13,7.69
w1bE2qmrbiU,"SRTW, nourii & CLOSR - Stay by My Side","Nov 4, 2022",112,1,0.0618,0,25,8
5phFGnB6YHU,Brolence - Slow Dance (Lyrics) feat. Nathan Brumley,"May 21, 2020",199,1,0.0022,0,13,7.69
s_qk95hhYy0,Vall - Somebody Like You (Lyrics) ft. Loé,"Jun 24, 2021",170,1,0.047,0,0,
GMvKDf6YAko,Sad Puppy - Close Your Eyes,"Dec 30, 2022",159,1,0.0015,0,12,0
f8PHv4Gkteg,Crybabyamy - Nobody Hears From me Anymore (Official Lyric Video),"Oct 26, 2020",153,1,0.0025,0,3,0
tDHLNR44xCY,Georgia Mos & Pullnway - Will You Follow Me?,"Nov 26, 2021",170,1,0.0077,0,8,0
eSBTGYVcIUs,elsaaa - what u wish for,"Jul 23, 2025",171,1,0.0472,0,12,0
1ZwbGNen_0E,Deep Chills & Polina Grace - Slipping Away,"Mar 18, 2022",167,1,0.003,0,6,16.67
ynCCC50PADI,Janji - Mirror feat. Joseph,"Dec 12, 2021",197,1,0,0,8,0
jOYHsn5mNLw,TOOMANYLEFTHANDS X Heliograph X Palau - Hold On,"Aug 12, 2025",178,1,0.0482,0,44,2.27
Gij4J31aGnk,Elliana - Cold (Lyrics),"Jun 24, 2021",166,1,0.0375,0,10,10
YjIMO-TUmqE,Wiese - Somebody Else,"Aug 25, 2020",149,1,0.012,0,34,0
4T392erDPVs,Frank Walker & MATTN - Break The Same,"Apr 29, 2022",198,1,0.001,0,9,11.11
YlF_1PVp7Hg,Neptune & Matthew Zeitler - I Hate Goodbyes (Lyrics) feat. Hailey Haus,"Jun 27, 2020",198,1,0.014,0,0,
MCH0yIyXBE0,Axel Johansson & Konrad Mil - Free Fall feat. Heleen,"Apr 9, 2022",210,1,0.0009,0,11,9.09
nMp0JkmZ8LA,Roxy Tones - Dancing In The Corner (Lyrics) Feat. Dominic Neill,"Apr 24, 2020",166,1,0.0032,,15,0
7R-GjLjexjE,Deepend & Phil Soda - I Hate Everyone But You feat. LONO,"Jan 18, 2022",129,1,0.0013,0,5,0
vPjq3ID0CGE,Claudia Valentina - Obsessed (Lyrics),"Sep 26, 2020",187,1,0.0079,0,28,3.57
dnee7SR3wH4,PLV Music & Zenit - Ready to Fall feat. Tina Heart,"Apr 29, 2022",206,1,0.0144,,7,14.29
YogC-YdnvGs,Cabuizee & Britt Lari - Creep,"Dec 3, 2021",128,1,0.0073,0,22,4.55
gMRw3XBwbl0,Over Easy & MiNDTRiX - Lovin' It,"Dec 22, 2021",183,1,0.0093,0,1,0
xYf2ey22s6A,Phil Odd - Into The Water (TMPST Remix),"Jul 24, 2025",227,1,0.0062,0,16,0
xRcc35XSMrI,Claudia Valentina - Seven (Lyrics),"Jun 27, 2020",225,1,0.0062,0,28,3.57
dZ79hD9Pbps,Marvin Acosta - Nobody But Me feat. Leela D,"Oct 14, 2022",222,1,0,,7,0
_D8zLcFEphw,Nimus - Espresso (Lyrics),"May 24, 2025",152,1,0.042,0,17,0
1cjSuic1XvA,Neddy - Forever My Love (Lyrics),"Jun 23, 2025",97,1,0.0267,0,3,0
faBw7-5TLYM,Priyanshu Sar - Tu Hi Meri Jaan,"Jul 5, 2025",166,1,0.0003,0,2,0
RlSyQ91TjBs,Sophia Scott - One Of These Days,"Mar 18, 2022",208,1,0.0578,0,9,0
EVWTenHVHWg,yetep & Hoang - Losing You feat. Linney,"Oct 21, 2023",188,1,0.0118,0,1,0
piPWXGsBYpo,"Maciel, Fancy Folks & Pull N Way - Waiting For You (La La La)","May 6, 2022",188,1,0.0177,0,4,50
jge_c-vuDOE,Your Paris - The Weather,"Nov 24, 2021",176,1,0.0022,0,7,14.29
lvqrO7WvTXM,Syence  - don't you wanna know feat. britt lari,"Feb 18, 2022",212,1,0.0315,0,3,0
kFc9YNU5EnY,Alex LeMirage - SOLANA,"Jul 12, 2025",191,1,0.0214,0,17,5.88
zh6zuqsD10Y,Metrøx - Call You Mine (Official Music Video) feat. Alice & NikkeYumnam | 4k,"Aug 28, 2020",172,1,0.001,0,28,3.57
Lbg7zqX_2qY,yaeow - Everything and More (Lyrics),"Aug 14, 2020",120,1,0.0331,0,1,0
cImf5vIUQ58,Sasson X Barka - Bate Forte,"Aug 10, 2025",234,1,0.0004,0,25,4
S4IRo5E6zBA,Kapuzen - Gimme Tha,"Jun 7, 2025",192,1,0.0015,0,9,11.11
jLjeu_MHuL8,Johnny Orlando - Adelaide (Lyrics),"Oct 24, 2020",184,1,0.0066,0,7,0
JBdYf1GMX1w,Carlie Hanson - Fuck Your Labels,"Jan 15, 2022",179,1,0.0023,0,13,7.69
H1zZxhnhbwc,iamsimon - Loveless (Lyrics) ft. Michaela Stridbeck,"May 30, 2020",193,1,0.0009,0,33,0
1W3KkIoxTJM,Nikos D & Nicson - Gold (Lyrics Video) feat. Britt Lari,"Aug 16, 2020",254,1,0.04,0,10,0
Pk5Ocf9IJuY,India Dupriez - Venomous,"Nov 23, 2021",211,1,0.0021,0,5,20
bmGKTiJWxEI,Heliograph is crazy!,"Aug 12, 2025",43,1,0.0003,0,45,0
yPmoYjxqbiI,Aarika - Make a Move,"Dec 14, 2021",198,1,0.0251,0,0,
C5ru2ghv4G8,BLOND:ISH & Stevie Appleton - Never Walk Alone (Alex Wann Remix),"Jul 9, 2025",239,1,0.0661,0,21,0
TXjNi-rNdkM,Emma Remelle - All I Need is... (Lyrics),"Oct 17, 2020",188,1,0,0,6,0
CU_81yFSnS8,Piece Wise & Eloi El - Can't Wait (Lyrics),"Jul 30, 2020",158,0,0,,5,0
9-uqizLBFyc,Exstra - Let Go feat. Britt Lari,"Oct 18, 2022",224,0,0,,4,0
xD7cc7culpQ,Sunday Relaxing Evenings | a super chill music mix 2020 (get lost in some chill vibes🌴),"Sep 13, 2020",1919,0,0,0,4,0
8mhm7Gk4Twg,atlas in motion & Sofia Caterina - none too deep (Lyrics),"Jan 7, 2021",220,0,0,0,32,0
Jhrx-3KSi_0,Bate forte!! New vibes,"Aug 11, 2025",34,0,0,0,18,0
vIQM5_rB9kk,Ched - Won't Help Us Love Again,"Dec 28, 2022",223,0,0,,1,0
93677BiBuTI,MNI - Come Along feat. Sofia Karlberg,"Dec 18, 2021",163,0,0,,7,0
QhAo8_aAF8Y,Sabrina Carpenter - Skin (Lyrics),"Jan 22, 2021",177,0,0,0,6,0
iI-C-wkIuJ0,Paro ​(UNPLG’d) - Female Acoustic Version,"Jul 4, 2025",30,0,0,0,6,0
dMVNQsI8grQ,James Carter - Could Have Been You,"Nov 12, 2021",147,0,0,0,3,0
ShUc2GnGbiM,XYLØ - aliens,"Jan 26, 2022",222,0,0,,3,0
CogKgbnM1Rg,Chaz Mazzota - Bad,"Feb 25, 2022",151,,,,4,0
xNHtTjVD0Zw,Ocean Drive & Sara Phillips - deja vu,"Jan 1, 2022",143,,,,3,0
GqcIeHdmkQQ,theajsound & Aizhaar - raindrops,"Jul 28, 2023",164,,,,1,0
3Q8-vU49qp0,Hogland - Fall For You feat. William Segerdahl,"Nov 1, 2021",179,,,,9,0
TU1S8Nb4oXc,Rvkah - Slow Down (Lyrics),"Jul 27, 2020",233,,,,1,0
KVy7eLAlax4,The Him & Mila Falls - When It Falls On You,"Dec 11, 2021",164,,,,3,0
W6pqRsoxVVA,Chaz Mazzota - rnd. 2,"Feb 9, 2022",172,,,,1,0
6W93jyjbaVI,Winona Oak - The Light,"Oct 23, 2020",175,,,,1,0
T_qOCO4EhVw,Feard & Keyser - Loosing Me (Official Lyrics Video) ft.NVRT,"Jul 2, 2020",184,,,,9,0
Zmn3r6yZElI,Sad Puppy - Be With You,"May 10, 2019",137,,,,2,0
l2mom1nnegw,B Praak & Jaani - Kya Loge Tum (Manee Remix) | Pitched,"Jun 6, 2025",158,,,,2,0
SgGP-5nEs3o,MYRIS & Shivam Bhatia - Be With You (Lyrics Video) ft.theajsound,"May 18, 2020",160,,,,4,0
kxzVQALU2U4,Lost Kings - Mountains (Lyrics) feat. MASN,"Nov 6, 2020",130,,,,1,0
cLfiUbHz0eM,Wild Cards - Honest (Lyrics) feat.Lucas Marx,"May 7, 2020",167,,,,6,16.67
p8Md_G5gCQs,Friendzone - Glow In The Dark feat. Nevve,"Oct 29, 2022",250,,,,5,0
6TmmqSUElBQ,Derek Austin & Ashley Cooke - The Bullet,"Jan 12, 2022",205,,,,8,0
TD7bq9cysmU,Whoopa - Stay,"Nov 25, 2021",156,,,,3,0
Yk7YU0hiWvY,"Sonny Wern, Jordan Jay & Idetto - Let U Go","Jan 4, 2022",158,,,,1,0
d9g6nOr7QZ8,CAROLINE - We Should Break-Up (Lyrics),"Jun 7, 2020",211,,,,1,0
TtKFxvoU26Q,Skytech & DJ Angelo - Wild Love (feat. Aleesia),"Nov 6, 2021",173,,,,2,0
unFbzADMNlg,Sophia Messa - Made (Lyrics) feat. Pink Sweat$,"Oct 16, 2020",149,,,,2,0
I6n02QgNg3Q,U can't drown bro!!,"Aug 5, 2025",27,,,,3,0
l-EudQgqjik,The Him & Steerner - Ocean of Love,"Sep 29, 2023",157,,,,2,0
LKLd06zpvF8,Josie Dunne - UGLY,"Dec 31, 2021",119,,,,2,0
grkq8afEXEM,Blinded Hearts & Lucifer - Never Leave,"Dec 28, 2021",134,,,,7,0
-1MectQ1DTg,Conor Matthews - Loves me Lonely (Lyrics),"Dec 6, 2020",173,,,,31,0
MuadGVq_53A,"Topic, Robin Schulz, Nico Santos & Paul Van Dyk - In Your Arms (For An Angel)","Jan 28, 2022",151,,,,5,0
qI_-wxs2PZY,Hessian & LAR & Keepa - One Last Touch,"Jul 27, 2025",205,,,,9,0
ucgMdiigEBM,Mike Posner - Home,"Apr 10, 2022",194,,,,4,0
oM_zLn9e-f0,Howen & Daniela Nicole - There for You,"Dec 8, 2021",175,,,,12,0
L9Uap-v-E2w,R3HAB & Nina Nesbitt - Family Values (Lyrics),"Sep 24, 2020",153,,,,5,0
4Sk5fNci7mA,Emma Kern - Love Myself (Lyrics),"Jul 21, 2020",178,,,,22,0
qcEHXSzhKTw,"Bebe Rexha - Baby, I'm jealous (Lyrics) feat. Doja Cat","Oct 9, 2020",177,,,,5,0
6GomNbf3rpg,Skylar Grey - Vampire At The Swimming Pool,"Nov 19, 2021",216,,,,10,0
nAeC-wWfMqo,NEIKED & Mae Muller - Better Days (Acoustic),"Nov 21, 2021",171,,,,5,0
4tjv9_HvjQU,MOTi & BODYWORX - Pump It,"Jan 8, 2022",155,,,,7,0
w0pyVqI5z2E,Lost Kings - Broken In All The Right Places feat. MOD SUN,"Dec 10, 2021",167,,,,5,0
5bOn7uhSh9Y,BIMINI - Homebound // Lyrics [FV Release],"Aug 6, 2020",144,,,,6,0
0cdTPn3mvFc,Ve Kamleya #Indianvibes #Arijitsingh,"Jun 25, 2025",8,,,,10,0
2nNXUMaxXU4,Shawn Mendes - Wonder (Lyrics),"Oct 2, 2020",195,,,,1,0
rVPMKmZ9yQ0,Riley Roth - Go Find Less,"Jan 13, 2022",161,,,,6,0
Wua_8noiFqg,Mauve - Into The Sun,"Jan 7, 2022",145,,,,1,0
1GOnOsvySIA,Robin Schulz - Young Right Now feat. Dennis Lloyd,"Nov 12, 2021",187,,,,34,0
zt_jM3vLNLk,Metrøx - Call You Mine (Lyrics) feat. Alice & NikkeYumnam [Acoustic],"May 4, 2021",178,,,,6,0
b2a5xd-IJqs,SOO GOOD :)🤩🎵,"Jun 30, 2025",34,,,,12,0
6KlvV4ZeREs,Nicky Romero & GATTÜSO x Jared Lee - Afterglow,"Jan 14, 2022",222,,,,5,0
GNrCnjD1qnI,Rasmus Hagen - Waterfall (Lyrics),"Jun 19, 2020",210,,,,3,0
NKvUGVIBtYI,Daniel Schulz - East Coast feat. MIMI,"Feb 2, 2022",167,,,,3,0
NErSvhmUUDA,Kodaline - Everyone Changes (Lyrics) feat. Gabrielle Aplin,"Oct 3, 2020",204,,,,4,0
kgI4SbgkBE4,DubVision & The Him - Sometimes,"Feb 11, 2022",198,,,,4,0
L4rfvDJaf-w,VAVO - Highs & Lows,"Dec 6, 2021",173,,,,7,0
utm7TbNkOA4,Ched - We Were Young,"Jan 10, 2022",196,,,,3,0
QbUIV3ntwSk,Deacon - One Option,"Nov 18, 2022",157,,,,4,0
APeonEjmeHg,SRTW & nourii - 7th Heaven feat. DuneBoy,"Jan 14, 2022",116,,,,3,0
mQHqqBkTLrk,David Guetta x Jack Back x Fancy Inc x Roland Clark - Alive,"Nov 12, 2021",222,,,,2,0
qEmsl1GKuPA,"HYIDRO - Heaven feat. Da Illest, iamKotaro & Elise","Aug 21, 2022",212,,,,7,0
BJBSBgmvILE,Do It Again,"Aug 12, 2025",23,,,,2,0
vTpPAkYmVxo,Ella Vos - Mountain,"Dec 29, 2022",208,,,,7,0
7llZz8ssY30,Marvin Acosta - Until I Saw U feat. Jaime Deraz,"Dec 23, 2021",182,,,,10,0
fwBG9sYlsh8,Violet Skies - Lonely (Lyrics) feat. Molly Hammar,"Nov 24, 2020",218,,,,22,0
rrCuEHMg7zQ,Kiismin & Sara Phillips - everything i wanted,"Dec 24, 2021",210,,,,1,0
qi3Y-OeqJkQ,NOTD & Nightly - about you,"Mar 11, 2022",169,,,,3,0
2GxR_BWfWOQ,Addict. & Rewind - nomore,"Jan 2, 2022",140,,,,1,0
bob0rclODcQ,Zedd - Inside Out (Lyrics) feat. Griff,"Oct 22, 2020",187,,,,11,0
N7gCCsY3USw,Demi Lovato - Still Have Me (Lyrics),"Oct 2, 2020",212,,,,9,0
xzPC9p3huGU,Selina Mour - Wait For It,"Sep 23, 2022",158,,,,3,0
LlUR6cIxWcY,Finding Hope - Strangers (Lyrics),"Jul 31, 2020",229,,,,8,0
br5YqqNPk0U,Mirage - Before The Night,"Jul 7, 2025",198,,,,9,0
gfCISp0cnCE,Sleepwalkers - See Me Cry (Lyrics) feat. Merseh,"Sep 28, 2020",228,,,,1,0
PO150uQvl4E,Anna Clendening - I'm Sorry Mom and Dad,"Jul 28, 2023",191,,,,19,0
pb04XEKhX4o,Mokita  - I’ll Be Home For Christmas,"Nov 13, 2021",166,,,,2,0
RsrW_10njD0,JRL & Benjamin Storset - Moving On,"Aug 26, 2022",139,,,,1,0
OPikUpNyCB4,Zayn - Better (Lyrics),"Sep 25, 2020",175,,,,8,0
ksTc3zwor-g,SEIDS - Let's Finish,"Feb 22, 2022",175,,,,2,0
d9pNoZJCioE,Little Venice - Sky For My Heart (Lyrics) feat.Lisa Rowe,"Jun 15, 2020",150,,,,7,0
nsshx1d8Hr8,Karan Aujla x Ikky - At Peace,"Jul 11, 2025",166,,,,7,0
ZMu5DC1HEJQ,Melanie Martinez - The Bakery (Lyrics),"Sep 29, 2020",160,,,,2,0
WsCA5M7xe9M,RUNN - If The Devil Is You,"Aug 26, 2022",200,,,,1,0
xHX1QSLICpc,Powfu & Sleep.Ing - The Fire in your Eyes Keeps me Warm (Lyrics),"Nov 21, 2020",195,,,,5,0
g8LQ6GH9KNQ,Ella Mai - DFMU,"Jan 28, 2022",198,,,,40,0
EBWJpI0KY7I,HUGEL X Dawty - Loosen Up feat. Preston Harris,"Jun 28, 2025",185,,,,4,0
XOwd4oG43u0,Zoe Wees - Ghost (Lyrics),"Apr 23, 2021",175,,,,3,0
I3Y87U6dONc,Winona Oak - Piano in the Sky (Lyrics),"Oct 2, 2020",191,,,,4,0
tQ5f1DZwNUE,Blackbear & Wiz Khalifa - Cheers (Lyrics),"Jan 12, 2021",202,,,,7,0
 -ezrh9IrRxk,"Coopex,Donovan's Playground, Lujavo & Britt Lari - Stereo Love","Dec 31, 2021",188,,,,9,0
o6XpaKPJrOg,Lost Kings - Oops [I'm Sorry] (Lyrics) feat. Ty Dolla $ign & GASHI,"Oct 2, 2020",209,,,,14,0
ovA8vtYLU08,Adam Turley - Ruined the Night,"Mar 18, 2022",146,,,,3,0
Vz7T_APB4pg,Da Illest - Don't Let Me Go,"Mar 10, 2022",170,,,,3,0
ktYTY1aR66U,"Quarterhead, Cheat Codes, KIDDO - Lucky","Nov 13, 2021",209,,,,20,0
l2PfSRszfn4,Clara Mae - Missing You Sucks,"Nov 22, 2021",179,,,,1,0
TfopAp66aJI,"JORDY, emma løv, & LOOTE - Friends","Apr 19, 2022",172,,,,8,0
TiYDf_BKtNU,George Alice - Haunted,"Feb 18, 2022",214,,,,2,0
EnNvOLmc-nU,"INTRN, Beowulf - Lose A Friend (Lyrics)","Jun 20, 2020",214,,,,4,0
Jg3p4YICBPM,Frank Walker & MOTi - I Wonder feat. Shai,"Dec 10, 2021",161,,,,8,0
iWCi6oGGMg8,MOLIY X Shenseea X Skillibeng X Silent Addy - Shake It To The Max (Fly) (Remix),"Jun 29, 2025",179,,,,17,0
F7pCMzgFwek,Trenox - Capsized,"Dec 15, 2021",174,,,,5,0
EiLLBdHhpc8,Lauren Aquilina - Swap Places (Lyrics),"Oct 3, 2020",202,,,,36,0
sfS83mCz0hg,GT_Ofice & Britt Lari - Try This Again,"Nov 19, 2021",149,,,,1,0
YPNjObRdvBs,Times - Run Away (Fresh Vibes Original),"Sep 17, 2020",174,,,,1,0
CaJM99_3usc,Massappeals - Drowning in Beauty,"Jul 30, 2025",244,,,,10,0
lVUWdqWX_MM,Nina Nesbitt - When You Lose Someone,"Feb 11, 2022",201,,,,4,0
n8InNHw5Ho4,Zach Oliver - Feel Like Forever,"Dec 27, 2021",161,,,,5,0
LlMYIBe4fks,Ray Le Fanue - Open My Heart feat. Britt Lari,"Nov 3, 2021",172,,,,5,0
hExBVlBEJXA,Cadmium & Dylan Rouda - Have Fun Alone,"Jan 14, 2022",179,,,,2,0
vIJkG9bvnV8,QAHR & Shilpa Golwalkar - One Sided Love (Lyrics),"Feb 8, 2021",169,,,,3,0
14j3DMU9Kro,"R3HAB, Astrid S & HRVY - Am I the Only One (Lyrics)","Oct 30, 2020",153,,,,1,0
sGacUv78mdk,Brett Bones - Laces (Official Lyrics),"Sep 1, 2020",181,,,,2,0
NLrODk_sai4,Clean Bandit - Higher (Lyrics) feat. iann diar,"Jan 29, 2021",205,,,,12,0
7dWgTe48X84,Jeremy Zucker & Chelsea Cutler - This is How You Fall in Love (Lyrics),"Jan 21, 2021",175,,,,3,0
0lRA6MfTwKg,Anna Clendening - Love Song (Lyrics),"Oct 12, 2020",162,,,,26,0
1wUAVZGJfkg,Xylø - Life or Death (Lyrics),"Dec 15, 2020",237,,,,5,0
hetXkUFrU5Q,"Martin Jensen, Cheat Codes & Theresa Rex - Running","Jan 14, 2022",186,,,,6,0
THpnOa6fFUA,Harry Hudson - Closing Doors (Lyrics) feat. Astrid S,"Sep 25, 2020",153,,,,1,0
JCN8vnHHQ5o,Marvin Acosta - Take U Home,"Apr 7, 2023",159,,,,2,0
cvllRiPkE1I,Kygo - Gone Are The Days (Lyrics) ft. James Gillespie,"Apr 16, 2021",197,,,,5,0
R2dlI3JJKKo,Alex Angelo - Four Letter Words,"Jan 8, 2022",192,,,,4,0
Ak0LjDrqP5U,Bloome - Mixtape (On Repeat) [Lyrics],"May 27, 2020",185,,,,9,0
E0fR0cmhbWk,@Fantomelmusic  x ‪KateLinn - DAME UN GRR,"Jul 10, 2025",135,,,,10,0
TV9KV7bkccM,"benny blanco, Marshmello, Vance Joy - You (Lyrics)","Jan 29, 2021",170,,,,7,14.29
4QCjBO_8r6o,Alexa Valentino - Bleed,"Jan 5, 2022",177,,,,13,0
lHDj9bMbEoY,Sam Feldt & Kesha - Stronger (Lyrics),"Jan 29, 2021",174,,,,4,0
O81smWb_rSE,Sophie Simmons - Love Turns Lonely,"Nov 20, 2021",168,,,,4,0
979Uo8eg76Y,Mesto feat. Aloe Blacc - Better Days,"Sep 20, 2022",157,,,,4,0
YvnEcrH0Ql0,Foothills - I Can't Help Myself,"Sep 15, 2023",196,,,,1,0
utIHEm-Zkhw,Daya - First Time (Lyrics),"Oct 9, 2020",152,,,,5,0
_wwi7E4q3yQ,Demi Lovato - Commander in Chief (Lyrics),"Oct 16, 2020",196,,,,4,0
V-unp1VLoYM,"Silk City, Diplo & Mark Ronson - New Love (Lyrics) feat. Ellie Goulding","Jan 22, 2021",191,,,,24,0
lbnhdMzELqY,Emily James - I'm Not In Love,"Sep 25, 2023",188,,,,1,0
1jBBqkhBC50,Bass Sky - Call U Mine feat. RamikZ & Alan Shepard (Fresh Vibes Original),"Sep 19, 2020",197,,,,8,0
b1EwO49pZZg,NIKI DEMAR - When My High Wears Off,"Apr 22, 2022",197,,,,5,0
VD-u0oY6NXM,"Jasleen Royal - Heeriye feat. Arijit Singh, Dulquer Salmaan & Aditya Sharma","Jul 28, 2023",194,,,,1,0
UJMsofdE7VU,Annika Wells - Stay High,"May 6, 2022",208,,,,8,0
XFQtDqICQYA,Axel Johansson - Strange Utopia feat. Marmy,"Nov 26, 2021",204,,,,6,0
GV-BNhYFrOc,Crazy vibe! Wait for it...,"Aug 12, 2025",40,,,,5,0
mrzvgiAg8pw,Kaskade - Eyes V3 feat. Ella Vos,"Jan 25, 2022",272,,,,26,0
4KwBsUIlFQo,liquidfive - Maliboo,"Jan 24, 2022",142,,,,4,0
sqSvlK5YIws,Afrojack x Martin Garrix x David Guetta & Amél - Our Time feat. Zack Hall,"Jul 11, 2025",162,,,,26,0
CPYZsJt5H14,Jacala & Alev - You Saved Me feat. Eloi El,"Aug 26, 2022",130,,,,7,0
AXr5Fs1-Ta0,Finding Hope - to my future love,"Sep 29, 2023",180,,,,3,0
5XC8-uE78J8,Majeska - 3 A.M. (Lyrics),"Jul 25, 2020",229,,,,3,0
o4XoY0onmL8,"Altero, Madugo & Teva - Gazing At The Stars","Jan 14, 2022",175,,,,7,0
QtFcEL_cofE,Pull n Way & Eloi El - The Way You Love Me (Lyrics),"Sep 12, 2020",206,,,,2,0
8R9UvnSPPHU,"Arc North, Rival & Cadmium - Coming Home (Lyrics)","Nov 24, 2021",164,,,,6,0
BIf9TBJZI0g,Moonsound & Round Light - Easy On Me,"Dec 21, 2021",197,,,,2,0
kZWC62rGDis,Cheat Codes & Tinashe - Lean On Me (Lyrics),"May 7, 2021",150,,,,4,0
Gz5CVN7FkyE,Tess Posner - Take Me There (Lyrics),"Sep 30, 2020",148,,,,2,0
Y1s0ItWlNQ4,HVME - Mask Off,"Aug 11, 2022",152,,,,8,0
5GfIEYJ8Q0A,One Republic - Wild Life (Lyrics),"Sep 24, 2020",262,,,,8,0
R7MAQjGcVqw,Sasha Sloan - Matter To You (Lyrics),"Oct 16, 2020",218,,,,5,0
BQ-tfSAH3Fc,Metrøx & Nikke Yumnam - Why You (Lyrics),"Feb 28, 2021",228,,,,1,0
PWC4-8F8Q8M,Földes & Elazion - Good With The Bad,"Nov 30, 2021",165,,,,1,0
Rgr-KN-gs3k,❤️स्वरब्रम्ह❤️ Pathak  @swarbramhapunetrustVadak   @anjali sangole Video  @frames by yashh   #sw,"Aug 18, 2025",32,,,,11,0
iO7FScS9Yn4,HUTS & Marmy - Night We Met,"Jan 20, 2022",146,,,,4,0
TwuHzU4luPc,Katile - Say Sorry (Official Lyrics),"Sep 20, 2020",180,,,,10,0
EF3-TpyD0hc,Shallou - Here,"Nov 15, 2021",193,,,,9,0
Thy81lCXCjE,Dava - Papercut (Lyrics),"Oct 5, 2020",162,,,,3,0
sdejvfAM0Nc,Trivecta & Nurko - You Can Be My Light (Lyrics) feat. Monika Santucci,"Aug 5, 2020",277,,,,3,0
CaPCBxbhwME,"Little Venice, Plastic Jungle, ODBLU - Coffee, Smoke and Love (Lyrics)","Jul 1, 2020",165,,,,9,0
sVwfNb3SvwI,Kristina Nichol - Space,"Nov 29, 2021",242,,,,1,0
XbF-ObR-a-Y,Tom Walker - For Those Who Can't Be Here,"Dec 11, 2021",186,,,,6,0
AzAKxzSNS4E,Foothills & Tom Bailey - Oceans (Lyrics),"Apr 16, 2020",201,,,,7,0
uv_8DboAlkE,Felix Cartal  - Mine ft. Sophie Simmons [Fake Luv Remix] (Lyircs Video),"Jun 30, 2020",221,,,,4,0
fcqqNl4hImM,Mangoo - Happi (Lyrics) ft. bby ivy,"Jul 29, 2020",164,,,,11,0
foQRskSFim8,JRL & Manse - The One That Got Away,"Apr 21, 2022",181,,,,7,0
QIFixGhSLp4,Charlotte Lawrence - Talk You Down (Lyrics),"Jan 9, 2021",157,,,,6,0
GubMyoTSYqo,Frank Walker & Two Feet - Day By Day,"Jan 14, 2022",170,,,,1,0
IOnb9FeFaf8,Marvin Acosta - High Off Your Love,"Apr 7, 2023",218,,,,5,0
Fx2NJFmaVFc,Gwyn - Temple (Lyrics) feat.GEF,"Jul 4, 2020",187,,,,10,0
oh2dFmVqCQg,Alan Walker & Salem ilese - Fake A Smile (Lyrics),"Feb 19, 2021",197,,,,1,0
1yaFdnHfe0M,Elina - Remember (Lyrics),"Oct 3, 2020",193,,,,6,0
BiFBaReI4Jc,Kristin Dope - Wanna Leave,"May 27, 2022",219,,,,1,0
c0pwo254Kp4,Your Paris - About Love (Lyrics),"Sep 11, 2020",182,,,,1,0
VNTB7DsLU9g,Conor Maynard - What I Put You Through,"Nov 13, 2021",203,,,,8,0
i6TIfN-yfwg,Kayou. - wish u the best (Lyrics) feat. Kaxi,"Jun 22, 2020",145,,,,4,0
lJJ_tSG_0xM,TheFatRat & Laura Brehm - We'll Meet Again (Lyrics),"Jul 17, 2020",204,,,,1,0
8hk8i6skuEE,Brainheart & Nightshift - Something More,"Dec 16, 2021",212,,,,8,0
Fgtf7kmDmhY,Spoke - Down We Go,"Nov 17, 2021",162,,,,1,0
YPfp5iA8lhI,NOTD - About You feat.Nightly (Felix Cartal Remix),"Apr 19, 2022",181,,,,5,0
PzsRSOJFonk,Syn Cole  - Crawl (Lyrics) ft. Sarah Close,"Sep 27, 2020",208,,,,12,0
 -VowcIRxwbw,Josua Natanael - You Make Me,"Jun 25, 2019",232,,,,2,0
Hoei10E3qzc,Steerner - You Make Me Feel,"Dec 2, 2021",143,,,,28,0
00tn0CMlRWU,Disco Lines - Younger feat. Riley Biederer,"Dec 17, 2021",193,,,,6,0
n_r3uCASioo,Riley Clemmons - Healing (Lyrics),"Nov 18, 2020",211,,,,4,0
aKHw1cv25Ow,Martin Jensen & Georgia Ku - 2019 (Lyrics),"Feb 27, 2021",136,,,,42,0
J9GDMcCsoVw,Harry Hudson - Overwhelmed (Lyrics),"Oct 16, 2020",165,,,,1,0
69eoECQH3Po,Teddy Beats & Kerin Maguire - Hollow,"May 6, 2022",167,,,,1,0
zW5TLPZcj4Q,Deacon - Petty,"Dec 29, 2022",186,,,,4,0
zOlvaDsUu2o,Disclosure & Zedd - You've Got to Let Go If You Want to Be Free,"Jan 28, 2022",254,,,,8,0
a6w_lB-yJIY,Georgia Webster - Tattoos,"Sep 23, 2022",167,,,,3,0
Showing top 500 results,,,,,,,,
